0,8591寶物交易
1,591房屋交易
2,591房屋交易
3,100室內設計
4,8891汽車交易
5,8891新車
6,518人力銀行
7,518找人才
8,518外包網
9,小雞上工
10,名品會
11,結婚吧
12,熱門遊戲
13,線上遊戲
14,網頁遊戲
15,手機遊戲
16,點數卡
17,價格從低到高排序
18,幣值從低到高排序
19,銷量從高到低排序
20,信用從高到低排序
21,9億楓幣=100元【1:900萬】【光速】安全★快速★可靠★幫開百元散單★最高比值?24H營業★楓幣來源拍賣
22,9億楓幣=100元【1:900萬】【光速】安全★快速★可靠★幫開百元散單★最高比值?24H營業★楓幣來源拍賣
23,1億楓幣=100元【1:100萬】【台灣人自售】【火速移交】【絕無BUG幣】【絕非大陸工作室】
24,1億楓幣=100元【1:100萬】「鳳姐專賣」人在可提問~可開非整數~自由市場6頻交易喲~認準保字會員~安全可靠喲
25,1億楓幣=100元【1:100萬】「鳳姐專賣」人在可提問~可開非整數~自由市場6頻交易喲~認準保字會員~安全可靠喲
26,1億楓幣=100元【1:100萬】「鳳姐專賣」人在可提問~可開非整數~自由市場6頻交易喲~認準保字會員~安全可靠喲
27,1億楓幣=100元【1:100萬】「鳳姐專賣」人在可提問~可開非整數~自由市場6頻交易喲~認準保字會員~安全可靠喲
28,1億楓幣=100元【1:100萬】「鳳姐專賣」人在可提問~可開非整數~自由市場6頻交易喲~認準保字會員~安全可靠喲
29,1億楓幣=100元【1:100萬】「鳳姐專賣」人在可提問~可開非整數~自由市場6頻交易喲~認準保字會員~安全可靠喲
30,6億楓幣=100元【1:600萬】人在~快速—庫存=現貨--★楓幣來源拍賣【放心購買】
31,8億楓幣=100元【1:800萬】＊臭老頭＊如果是外掛幣我跳愛河
32,1億楓幣=100元【1:100萬】8頻自由最右右邊交易~直接下標~庫存=剩餘數量~
33,1億楓幣=100元【1:100萬】12頻自由最右右邊交易~直接下標~庫存=剩餘數量~
34,1億楓幣=100元【1:100萬】8頻自由最右右邊交易~直接下標~庫存=剩餘數量~
35,1億楓幣=100元【1:100萬】18頻自由最右右邊交易~直接下標~庫存=剩餘數量~
36,1億楓幣=100元【1:100萬】4頻自由最右右邊交易~直接下標~庫存=剩餘數量~
37,10.5億楓幣=100元【1:1050萬】【黑媽媽】【付款後7頻自由左邊交易】火速交易.玩家自賣
38,10億楓幣=100元【1:1000萬】玩家自賣快速~7平自由艾格利其旁~另賣星卷提問
39,11億楓幣=100元【1:1100萬】可直接下標/可開散單-藍玉小舖-
40,9.2億楓幣=100元【1:920萬】??愛米兒??現貨可直接下單??另售商城送禮8.8折~歡迎提問????????
41,8.5億楓幣=100元【1:850萬】《Kay》單在人在免問！高幣值！要搶要快！下標先看內容、來源正當
42,投資者資訊
43,提供VIP會員限定，名品服飾折扣3折起獨享優惠。
44,8591寶物交易
45,591房屋交易
46,591房屋交易
47,100室內設計
48,8891汽車交易
49,8891新車
50,518人力銀行
51,518找人才
52,518外包網
53,小雞上工
54,名品會
55,結婚吧
56,熱門遊戲
57,線上遊戲
58,網頁遊戲
59,手機遊戲
60,點數卡
61,價格從低到高排序
62,幣值從低到高排序
63,銷量從高到低排序
64,信用從高到低排序
65,9億楓幣=100元【1:900萬】【光速】安全★快速★可靠★幫開百元散單★最高比值?24H營業★楓幣來源拍賣
66,1億楓幣=100元【1:100萬】【台灣人自售】【火速移交】【絕無BUG幣】【絕非大陸工作室】
67,1億楓幣=100元【1:100萬】「鳳姐專賣」人在可提問~可開非整數~自由市場6頻交易喲~認準保字會員~安全可靠喲
68,1億楓幣=100元【1:100萬】「鳳姐專賣」人在可提問~可開非整數~自由市場6頻交易喲~認準保字會員~安全可靠喲
69,1億楓幣=100元【1:100萬】「鳳姐專賣」人在可提問~可開非整數~自由市場6頻交易喲~認準保字會員~安全可靠喲
70,1億楓幣=100元【1:100萬】「鳳姐專賣」人在可提問~可開非整數~自由市場6頻交易喲~認準保字會員~安全可靠喲
71,1億楓幣=100元【1:100萬】「鳳姐專賣」人在可提問~可開非整數~自由市場6頻交易喲~認準保字會員~安全可靠喲
72,1億楓幣=100元【1:100萬】「鳳姐專賣」人在可提問~可開非整數~自由市場6頻交易喲~認準保字會員~安全可靠喲
73,6億楓幣=100元【1:600萬】人在~快速—庫存=現貨--★楓幣來源拍賣【放心購買】
74,8億楓幣=100元【1:800萬】＊臭老頭＊如果是外掛幣我跳愛河
75,1億楓幣=100元【1:100萬】8頻自由最右右邊交易~直接下標~庫存=剩餘數量~
76,1億楓幣=100元【1:100萬】12頻自由最右右邊交易~直接下標~庫存=剩餘數量~
77,1億楓幣=100元【1:100萬】8頻自由最右右邊交易~直接下標~庫存=剩餘數量~
78,1億楓幣=100元【1:100萬】18頻自由最右右邊交易~直接下標~庫存=剩餘數量~
79,1億楓幣=100元【1:100萬】4頻自由最右右邊交易~直接下標~庫存=剩餘數量~
80,10.5億楓幣=100元【1:1050萬】【黑媽媽】【付款後7頻自由左邊交易】火速交易.玩家自賣
81,10億楓幣=100元【1:1000萬】玩家自賣快速~7平自由艾格利其旁~另賣星卷提問
82,11億楓幣=100元【1:1100萬】可直接下標/可開散單-藍玉小舖-
83,9.2億楓幣=100元【1:920萬】??愛米兒??現貨可直接下單??另售商城送禮8.8折~歡迎提問????????
84,8.5億楓幣=100元【1:850萬】《Kay》單在人在免問！高幣值！要搶要快！下標先看內容、來源正當
85,6億楓幣=100元【1:600萬】美爹小額賣幣3平自由交易免問直接下單
86,投資者資訊
87,提供VIP會員限定，名品服飾折扣3折起獨享優惠。
88,8591寶物交易
89,591房屋交易
90,591房屋交易
91,100室內設計
92,8891汽車交易
93,8891新車
94,518人力銀行
95,518找人才
96,518外包網
97,小雞上工
98,名品會
99,結婚吧
100,熱門遊戲
101,線上遊戲
102,網頁遊戲
103,手機遊戲
104,點數卡
105,價格從低到高排序
106,幣值從低到高排序
107,銷量從高到低排序
108,信用從高到低排序
109,1億楓幣=100元【1:100萬】【台灣人自售】【火速移交】【絕無BUG幣】【絕非大陸工作室】
110,1億楓幣=100元【1:100萬】「鳳姐專賣」人在可提問~可開非整數~自由市場6頻交易喲~認準保字會員~安全可靠喲
111,1億楓幣=100元【1:100萬】「鳳姐專賣」人在可提問~可開非整數~自由市場6頻交易喲~認準保字會員~安全可靠喲
112,1億楓幣=100元【1:100萬】「鳳姐專賣」人在可提問~可開非整數~自由市場6頻交易喲~認準保字會員~安全可靠喲
113,1億楓幣=100元【1:100萬】「鳳姐專賣」人在可提問~可開非整數~自由市場6頻交易喲~認準保字會員~安全可靠喲
114,1億楓幣=100元【1:100萬】「鳳姐專賣」人在可提問~可開非整數~自由市場6頻交易喲~認準保字會員~安全可靠喲
115,1億楓幣=100元【1:100萬】「鳳姐專賣」人在可提問~可開非整數~自由市場6頻交易喲~認準保字會員~安全可靠喲
116,6億楓幣=100元【1:600萬】人在~快速—庫存=現貨--★楓幣來源拍賣【放心購買】
117,8億楓幣=100元【1:800萬】＊臭老頭＊如果是外掛幣我跳愛河
118,1億楓幣=100元【1:100萬】8頻自由最右右邊交易~直接下標~庫存=剩餘數量~
119,1億楓幣=100元【1:100萬】12頻自由最右右邊交易~直接下標~庫存=剩餘數量~
120,1億楓幣=100元【1:100萬】8頻自由最右右邊交易~直接下標~庫存=剩餘數量~
121,1億楓幣=100元【1:100萬】18頻自由最右右邊交易~直接下標~庫存=剩餘數量~
122,1億楓幣=100元【1:100萬】4頻自由最右右邊交易~直接下標~庫存=剩餘數量~
123,10.5億楓幣=100元【1:1050萬】【黑媽媽】【付款後7頻自由左邊交易】火速交易.玩家自賣
124,10億楓幣=100元【1:1000萬】玩家自賣快速~7平自由艾格利其旁~另賣星卷提問
125,11億楓幣=100元【1:1100萬】可直接下標/可開散單-藍玉小舖-
126,9.2億楓幣=100元【1:920萬】??愛米兒??現貨可直接下單??另售商城送禮8.8折~歡迎提問????????
127,8.5億楓幣=100元【1:850萬】《Kay》單在人在免問！高幣值！要搶要快！下標先看內容、來源正當
128,6億楓幣=100元【1:600萬】美爹小額賣幣3平自由交易免問直接下單
129,8億楓幣=100元【1:800萬】??玩家自賣??自由市場５頻財神左方??艾麗亞??
130,投資者資訊
131,提供VIP會員限定，名品服飾折扣3折起獨享優惠。
132,8591寶物交易
133,591房屋交易
134,591房屋交易
135,100室內設計
136,8891汽車交易
137,8891新車
138,518人力銀行
139,518找人才
140,518外包網
141,小雞上工
142,名品會
143,結婚吧
144,熱門遊戲
145,線上遊戲
146,網頁遊戲
147,手機遊戲
148,點數卡
149,價格從低到高排序
150,幣值從低到高排序
151,銷量從高到低排序
152,信用從高到低排序
153,1億楓幣=100元【1:100萬】「鳳姐專賣」人在可提問~可開非整數~自由市場6頻交易喲~認準保字會員~安全可靠喲
154,1億楓幣=100元【1:100萬】「鳳姐專賣」人在可提問~可開非整數~自由市場6頻交易喲~認準保字會員~安全可靠喲
155,1億楓幣=100元【1:100萬】「鳳姐專賣」人在可提問~可開非整數~自由市場6頻交易喲~認準保字會員~安全可靠喲
156,1億楓幣=100元【1:100萬】「鳳姐專賣」人在可提問~可開非整數~自由市場6頻交易喲~認準保字會員~安全可靠喲
157,1億楓幣=100元【1:100萬】「鳳姐專賣」人在可提問~可開非整數~自由市場6頻交易喲~認準保字會員~安全可靠喲
158,1億楓幣=100元【1:100萬】「鳳姐專賣」人在可提問~可開非整數~自由市場6頻交易喲~認準保字會員~安全可靠喲
159,6億楓幣=100元【1:600萬】人在~快速—庫存=現貨--★楓幣來源拍賣【放心購買】
160,8億楓幣=100元【1:800萬】＊臭老頭＊如果是外掛幣我跳愛河
161,1億楓幣=100元【1:100萬】8頻自由最右右邊交易~直接下標~庫存=剩餘數量~
162,1億楓幣=100元【1:100萬】12頻自由最右右邊交易~直接下標~庫存=剩餘數量~
163,1億楓幣=100元【1:100萬】8頻自由最右右邊交易~直接下標~庫存=剩餘數量~
164,1億楓幣=100元【1:100萬】18頻自由最右右邊交易~直接下標~庫存=剩餘數量~
165,1億楓幣=100元【1:100萬】4頻自由最右右邊交易~直接下標~庫存=剩餘數量~
166,10.5億楓幣=100元【1:1050萬】【黑媽媽】【付款後7頻自由左邊交易】火速交易.玩家自賣
167,10億楓幣=100元【1:1000萬】玩家自賣快速~7平自由艾格利其旁~另賣星卷提問
168,11億楓幣=100元【1:1100萬】可直接下標/可開散單-藍玉小舖-
169,9.2億楓幣=100元【1:920萬】??愛米兒??現貨可直接下單??另售商城送禮8.8折~歡迎提問????????
170,8.5億楓幣=100元【1:850萬】《Kay》單在人在免問！高幣值！要搶要快！下標先看內容、來源正當
171,6億楓幣=100元【1:600萬】美爹小額賣幣3平自由交易免問直接下單
172,8億楓幣=100元【1:800萬】??玩家自賣??自由市場５頻財神左方??艾麗亞??
173,10億楓幣=100元【1:1000萬】??玩家自賣??自由市場５頻財神左方??普力特??
174,投資者資訊
175,提供VIP會員限定，名品服飾折扣3折起獨享優惠。
176,8591寶物交易
177,591房屋交易
178,591房屋交易
179,100室內設計
180,8891汽車交易
181,8891新車
182,518人力銀行
183,518找人才
184,518外包網
185,小雞上工
186,名品會
187,結婚吧
188,熱門遊戲
189,線上遊戲
190,網頁遊戲
191,手機遊戲
192,點數卡
193,價格從低到高排序
194,幣值從低到高排序
195,銷量從高到低排序
196,信用從高到低排序
197,1億楓幣=100元【1:100萬】「鳳姐專賣」人在可提問~可開非整數~自由市場6頻交易喲~認準保字會員~安全可靠喲
198,1億楓幣=100元【1:100萬】「鳳姐專賣」人在可提問~可開非整數~自由市場6頻交易喲~認準保字會員~安全可靠喲
199,1億楓幣=100元【1:100萬】「鳳姐專賣」人在可提問~可開非整數~自由市場6頻交易喲~認準保字會員~安全可靠喲
200,1億楓幣=100元【1:100萬】「鳳姐專賣」人在可提問~可開非整數~自由市場6頻交易喲~認準保字會員~安全可靠喲
201,1億楓幣=100元【1:100萬】「鳳姐專賣」人在可提問~可開非整數~自由市場6頻交易喲~認準保字會員~安全可靠喲
202,6億楓幣=100元【1:600萬】人在~快速—庫存=現貨--★楓幣來源拍賣【放心購買】
203,8億楓幣=100元【1:800萬】＊臭老頭＊如果是外掛幣我跳愛河
204,1億楓幣=100元【1:100萬】8頻自由最右右邊交易~直接下標~庫存=剩餘數量~
205,1億楓幣=100元【1:100萬】12頻自由最右右邊交易~直接下標~庫存=剩餘數量~
206,1億楓幣=100元【1:100萬】8頻自由最右右邊交易~直接下標~庫存=剩餘數量~
207,1億楓幣=100元【1:100萬】18頻自由最右右邊交易~直接下標~庫存=剩餘數量~
208,1億楓幣=100元【1:100萬】4頻自由最右右邊交易~直接下標~庫存=剩餘數量~
209,10.5億楓幣=100元【1:1050萬】【黑媽媽】【付款後7頻自由左邊交易】火速交易.玩家自賣
210,10億楓幣=100元【1:1000萬】玩家自賣快速~7平自由艾格利其旁~另賣星卷提問
211,11億楓幣=100元【1:1100萬】可直接下標/可開散單-藍玉小舖-
212,9.2億楓幣=100元【1:920萬】??愛米兒??現貨可直接下單??另售商城送禮8.8折~歡迎提問????????
213,8.5億楓幣=100元【1:850萬】《Kay》單在人在免問！高幣值！要搶要快！下標先看內容、來源正當
214,6億楓幣=100元【1:600萬】美爹小額賣幣3平自由交易免問直接下單
215,8億楓幣=100元【1:800萬】??玩家自賣??自由市場５頻財神左方??艾麗亞??
216,10億楓幣=100元【1:1000萬】??玩家自賣??自由市場５頻財神左方??普力特??
217,10.5億楓幣=100元【1:1050萬】??玩家自賣??自由市場５頻財神左方??琉德??
218,投資者資訊
219,提供VIP會員限定，名品服飾折扣3折起獨享優惠。
220,8591寶物交易
221,591房屋交易
222,591房屋交易
223,100室內設計
224,8891汽車交易
225,8891新車
226,518人力銀行
227,518找人才
228,518外包網
229,小雞上工
230,名品會
231,結婚吧
232,熱門遊戲
233,線上遊戲
234,網頁遊戲
235,手機遊戲
236,點數卡
237,價格從低到高排序
238,幣值從低到高排序
239,銷量從高到低排序
240,信用從高到低排序
241,1億楓幣=100元【1:100萬】「鳳姐專賣」人在可提問~可開非整數~自由市場6頻交易喲~認準保字會員~安全可靠喲
242,1億楓幣=100元【1:100萬】「鳳姐專賣」人在可提問~可開非整數~自由市場6頻交易喲~認準保字會員~安全可靠喲
243,1億楓幣=100元【1:100萬】「鳳姐專賣」人在可提問~可開非整數~自由市場6頻交易喲~認準保字會員~安全可靠喲
244,1億楓幣=100元【1:100萬】「鳳姐專賣」人在可提問~可開非整數~自由市場6頻交易喲~認準保字會員~安全可靠喲
245,6億楓幣=100元【1:600萬】人在~快速—庫存=現貨--★楓幣來源拍賣【放心購買】
246,8億楓幣=100元【1:800萬】＊臭老頭＊如果是外掛幣我跳愛河
247,1億楓幣=100元【1:100萬】8頻自由最右右邊交易~直接下標~庫存=剩餘數量~
248,1億楓幣=100元【1:100萬】12頻自由最右右邊交易~直接下標~庫存=剩餘數量~
249,1億楓幣=100元【1:100萬】8頻自由最右右邊交易~直接下標~庫存=剩餘數量~
250,1億楓幣=100元【1:100萬】18頻自由最右右邊交易~直接下標~庫存=剩餘數量~
251,1億楓幣=100元【1:100萬】4頻自由最右右邊交易~直接下標~庫存=剩餘數量~
252,10.5億楓幣=100元【1:1050萬】【黑媽媽】【付款後7頻自由左邊交易】火速交易.玩家自賣
253,10億楓幣=100元【1:1000萬】玩家自賣快速~7平自由艾格利其旁~另賣星卷提問
254,11億楓幣=100元【1:1100萬】可直接下標/可開散單-藍玉小舖-
255,9.2億楓幣=100元【1:920萬】??愛米兒??現貨可直接下單??另售商城送禮8.8折~歡迎提問????????
256,8.5億楓幣=100元【1:850萬】《Kay》單在人在免問！高幣值！要搶要快！下標先看內容、來源正當
257,6億楓幣=100元【1:600萬】美爹小額賣幣3平自由交易免問直接下單
258,8億楓幣=100元【1:800萬】??玩家自賣??自由市場５頻財神左方??艾麗亞??
259,10億楓幣=100元【1:1000萬】??玩家自賣??自由市場５頻財神左方??普力特??
260,10.5億楓幣=100元【1:1050萬】??玩家自賣??自由市場５頻財神左方??琉德??
261,11億楓幣=100元【1:1100萬】??玩家自賣??自由市場５頻財神左方??優伊娜??
262,投資者資訊
263,提供VIP會員限定，名品服飾折扣3折起獨享優惠。
264,8591寶物交易
265,591房屋交易
266,591房屋交易
267,100室內設計
268,8891汽車交易
269,8891新車
270,518人力銀行
271,518找人才
272,518外包網
273,小雞上工
274,名品會
275,結婚吧
276,熱門遊戲
277,線上遊戲
278,網頁遊戲
279,手機遊戲
280,點數卡
281,價格從低到高排序
282,幣值從低到高排序
283,銷量從高到低排序
284,信用從高到低排序
285,1億楓幣=100元【1:100萬】「鳳姐專賣」人在可提問~可開非整數~自由市場6頻交易喲~認準保字會員~安全可靠喲
286,1億楓幣=100元【1:100萬】「鳳姐專賣」人在可提問~可開非整數~自由市場6頻交易喲~認準保字會員~安全可靠喲
287,1億楓幣=100元【1:100萬】「鳳姐專賣」人在可提問~可開非整數~自由市場6頻交易喲~認準保字會員~安全可靠喲
288,6億楓幣=100元【1:600萬】人在~快速—庫存=現貨--★楓幣來源拍賣【放心購買】
289,8億楓幣=100元【1:800萬】＊臭老頭＊如果是外掛幣我跳愛河
290,1億楓幣=100元【1:100萬】8頻自由最右右邊交易~直接下標~庫存=剩餘數量~
291,1億楓幣=100元【1:100萬】12頻自由最右右邊交易~直接下標~庫存=剩餘數量~
292,1億楓幣=100元【1:100萬】8頻自由最右右邊交易~直接下標~庫存=剩餘數量~
293,1億楓幣=100元【1:100萬】18頻自由最右右邊交易~直接下標~庫存=剩餘數量~
294,1億楓幣=100元【1:100萬】4頻自由最右右邊交易~直接下標~庫存=剩餘數量~
295,10.5億楓幣=100元【1:1050萬】【黑媽媽】【付款後7頻自由左邊交易】火速交易.玩家自賣
296,10億楓幣=100元【1:1000萬】玩家自賣快速~7平自由艾格利其旁~另賣星卷提問
297,11億楓幣=100元【1:1100萬】可直接下標/可開散單-藍玉小舖-
298,9.2億楓幣=100元【1:920萬】??愛米兒??現貨可直接下單??另售商城送禮8.8折~歡迎提問????????
299,8.5億楓幣=100元【1:850萬】《Kay》單在人在免問！高幣值！要搶要快！下標先看內容、來源正當
300,6億楓幣=100元【1:600萬】美爹小額賣幣3平自由交易免問直接下單
301,8億楓幣=100元【1:800萬】??玩家自賣??自由市場５頻財神左方??艾麗亞??
302,10億楓幣=100元【1:1000萬】??玩家自賣??自由市場５頻財神左方??普力特??
303,10.5億楓幣=100元【1:1050萬】??玩家自賣??自由市場５頻財神左方??琉德??
304,11億楓幣=100元【1:1100萬】??玩家自賣??自由市場５頻財神左方??優伊娜??
305,8億楓幣=100元【1:800萬】??玩家自賣??自由市場５頻財神左方??愛麗西亞??
306,投資者資訊
307,提供VIP會員限定，名品服飾折扣3折起獨享優惠。
308,8591寶物交易
309,591房屋交易
310,591房屋交易
311,100室內設計
312,8891汽車交易
313,8891新車
314,518人力銀行
315,518找人才
316,518外包網
317,小雞上工
318,名品會
319,結婚吧
320,熱門遊戲
321,線上遊戲
322,網頁遊戲
323,手機遊戲
324,點數卡
325,價格從低到高排序
326,幣值從低到高排序
327,銷量從高到低排序
328,信用從高到低排序
329,1億楓幣=100元【1:100萬】「鳳姐專賣」人在可提問~可開非整數~自由市場6頻交易喲~認準保字會員~安全可靠喲
330,1億楓幣=100元【1:100萬】「鳳姐專賣」人在可提問~可開非整數~自由市場6頻交易喲~認準保字會員~安全可靠喲
331,6億楓幣=100元【1:600萬】人在~快速—庫存=現貨--★楓幣來源拍賣【放心購買】
332,8億楓幣=100元【1:800萬】＊臭老頭＊如果是外掛幣我跳愛河
333,1億楓幣=100元【1:100萬】8頻自由最右右邊交易~直接下標~庫存=剩餘數量~
334,1億楓幣=100元【1:100萬】12頻自由最右右邊交易~直接下標~庫存=剩餘數量~
335,1億楓幣=100元【1:100萬】8頻自由最右右邊交易~直接下標~庫存=剩餘數量~
336,1億楓幣=100元【1:100萬】18頻自由最右右邊交易~直接下標~庫存=剩餘數量~
337,1億楓幣=100元【1:100萬】4頻自由最右右邊交易~直接下標~庫存=剩餘數量~
338,10.5億楓幣=100元【1:1050萬】【黑媽媽】【付款後7頻自由左邊交易】火速交易.玩家自賣
339,10億楓幣=100元【1:1000萬】玩家自賣快速~7平自由艾格利其旁~另賣星卷提問
340,11億楓幣=100元【1:1100萬】可直接下標/可開散單-藍玉小舖-
341,9.2億楓幣=100元【1:920萬】??愛米兒??現貨可直接下單??另售商城送禮8.8折~歡迎提問????????
342,8.5億楓幣=100元【1:850萬】《Kay》單在人在免問！高幣值！要搶要快！下標先看內容、來源正當
343,6億楓幣=100元【1:600萬】美爹小額賣幣3平自由交易免問直接下單
344,8億楓幣=100元【1:800萬】??玩家自賣??自由市場５頻財神左方??艾麗亞??
345,10億楓幣=100元【1:1000萬】??玩家自賣??自由市場５頻財神左方??普力特??
346,10.5億楓幣=100元【1:1050萬】??玩家自賣??自由市場５頻財神左方??琉德??
347,11億楓幣=100元【1:1100萬】??玩家自賣??自由市場５頻財神左方??優伊娜??
348,8億楓幣=100元【1:800萬】??玩家自賣??自由市場５頻財神左方??愛麗西亞??
349,9億楓幣=100元【1:900萬】??玩家自賣??自由市場５頻財神左方??殺人鯨??
350,投資者資訊
351,提供VIP會員限定，名品服飾折扣3折起獨享優惠。
352,8591寶物交易
353,591房屋交易
354,591房屋交易
355,100室內設計
356,8891汽車交易
357,8891新車
358,518人力銀行
359,518找人才
360,518外包網
361,小雞上工
362,名品會
363,結婚吧
364,熱門遊戲
365,線上遊戲
366,網頁遊戲
367,手機遊戲
368,點數卡
369,價格從低到高排序
370,幣值從低到高排序
371,銷量從高到低排序
372,信用從高到低排序
373,1億楓幣=100元【1:100萬】「鳳姐專賣」人在可提問~可開非整數~自由市場6頻交易喲~認準保字會員~安全可靠喲
374,6億楓幣=100元【1:600萬】人在~快速—庫存=現貨--★楓幣來源拍賣【放心購買】
375,8億楓幣=100元【1:800萬】＊臭老頭＊如果是外掛幣我跳愛河
376,1億楓幣=100元【1:100萬】8頻自由最右右邊交易~直接下標~庫存=剩餘數量~
377,1億楓幣=100元【1:100萬】12頻自由最右右邊交易~直接下標~庫存=剩餘數量~
378,1億楓幣=100元【1:100萬】8頻自由最右右邊交易~直接下標~庫存=剩餘數量~
379,1億楓幣=100元【1:100萬】18頻自由最右右邊交易~直接下標~庫存=剩餘數量~
380,1億楓幣=100元【1:100萬】4頻自由最右右邊交易~直接下標~庫存=剩餘數量~
381,10.5億楓幣=100元【1:1050萬】【黑媽媽】【付款後7頻自由左邊交易】火速交易.玩家自賣
382,10億楓幣=100元【1:1000萬】玩家自賣快速~7平自由艾格利其旁~另賣星卷提問
383,11億楓幣=100元【1:1100萬】可直接下標/可開散單-藍玉小舖-
384,9.2億楓幣=100元【1:920萬】??愛米兒??現貨可直接下單??另售商城送禮8.8折~歡迎提問????????
385,8.5億楓幣=100元【1:850萬】《Kay》單在人在免問！高幣值！要搶要快！下標先看內容、來源正當
386,6億楓幣=100元【1:600萬】美爹小額賣幣3平自由交易免問直接下單
387,8億楓幣=100元【1:800萬】??玩家自賣??自由市場５頻財神左方??艾麗亞??
388,10億楓幣=100元【1:1000萬】??玩家自賣??自由市場５頻財神左方??普力特??
389,10.5億楓幣=100元【1:1050萬】??玩家自賣??自由市場５頻財神左方??琉德??
390,11億楓幣=100元【1:1100萬】??玩家自賣??自由市場５頻財神左方??優伊娜??
391,8億楓幣=100元【1:800萬】??玩家自賣??自由市場５頻財神左方??愛麗西亞??
392,9億楓幣=100元【1:900萬】??玩家自賣??自由市場５頻財神左方??殺人鯨??
393,8.1億楓幣=100元【1:810萬】『鈞鈞』看評價就知道我速度多快　現貨
394,投資者資訊
395,提供VIP會員限定，名品服飾折扣3折起獨享優惠。
396,8591寶物交易
397,591房屋交易
398,591房屋交易
399,100室內設計
400,8891汽車交易
401,8891新車
402,518人力銀行
403,518找人才
404,518外包網
405,小雞上工
406,名品會
407,結婚吧
408,熱門遊戲
409,線上遊戲
410,網頁遊戲
411,手機遊戲
412,點數卡
413,價格從低到高排序
414,幣值從低到高排序
415,銷量從高到低排序
416,信用從高到低排序
417,6億楓幣=100元【1:600萬】人在~快速—庫存=現貨--★楓幣來源拍賣【放心購買】
418,8億楓幣=100元【1:800萬】＊臭老頭＊如果是外掛幣我跳愛河
419,1億楓幣=100元【1:100萬】8頻自由最右右邊交易~直接下標~庫存=剩餘數量~
420,1億楓幣=100元【1:100萬】12頻自由最右右邊交易~直接下標~庫存=剩餘數量~
421,1億楓幣=100元【1:100萬】8頻自由最右右邊交易~直接下標~庫存=剩餘數量~
422,1億楓幣=100元【1:100萬】18頻自由最右右邊交易~直接下標~庫存=剩餘數量~
423,1億楓幣=100元【1:100萬】4頻自由最右右邊交易~直接下標~庫存=剩餘數量~
424,10.5億楓幣=100元【1:1050萬】【黑媽媽】【付款後7頻自由左邊交易】火速交易.玩家自賣
425,10億楓幣=100元【1:1000萬】玩家自賣快速~7平自由艾格利其旁~另賣星卷提問
426,11億楓幣=100元【1:1100萬】可直接下標/可開散單-藍玉小舖-
427,9.2億楓幣=100元【1:920萬】??愛米兒??現貨可直接下單??另售商城送禮8.8折~歡迎提問????????
428,8.5億楓幣=100元【1:850萬】《Kay》單在人在免問！高幣值！要搶要快！下標先看內容、來源正當
429,6億楓幣=100元【1:600萬】美爹小額賣幣3平自由交易免問直接下單
430,8億楓幣=100元【1:800萬】??玩家自賣??自由市場５頻財神左方??艾麗亞??
431,10億楓幣=100元【1:1000萬】??玩家自賣??自由市場５頻財神左方??普力特??
432,10.5億楓幣=100元【1:1050萬】??玩家自賣??自由市場５頻財神左方??琉德??
433,11億楓幣=100元【1:1100萬】??玩家自賣??自由市場５頻財神左方??優伊娜??
434,8億楓幣=100元【1:800萬】??玩家自賣??自由市場５頻財神左方??愛麗西亞??
435,9億楓幣=100元【1:900萬】??玩家自賣??自由市場５頻財神左方??殺人鯨??
436,8.1億楓幣=100元【1:810萬】『鈞鈞』看評價就知道我速度多快　現貨
437,10億楓幣=100元【1:1000萬】??１３頻倉庫??【拓海】??整數直接購買庫存??幫開散單??來源正當可靠??
438,投資者資訊
439,提供VIP會員限定，名品服飾折扣3折起獨享優惠。
440,8591寶物交易
441,591房屋交易
442,591房屋交易
443,100室內設計
444,8891汽車交易
445,8891新車
446,518人力銀行
447,518找人才
448,518外包網
449,小雞上工
450,名品會
451,結婚吧
452,熱門遊戲
453,線上遊戲
454,網頁遊戲
455,手機遊戲
456,點數卡
457,價格從低到高排序
458,幣值從低到高排序
459,銷量從高到低排序
460,信用從高到低排序
461,8億楓幣=100元【1:800萬】＊臭老頭＊如果是外掛幣我跳愛河
462,1億楓幣=100元【1:100萬】8頻自由最右右邊交易~直接下標~庫存=剩餘數量~
463,1億楓幣=100元【1:100萬】12頻自由最右右邊交易~直接下標~庫存=剩餘數量~
464,1億楓幣=100元【1:100萬】8頻自由最右右邊交易~直接下標~庫存=剩餘數量~
465,1億楓幣=100元【1:100萬】18頻自由最右右邊交易~直接下標~庫存=剩餘數量~
466,1億楓幣=100元【1:100萬】4頻自由最右右邊交易~直接下標~庫存=剩餘數量~
467,10.5億楓幣=100元【1:1050萬】【黑媽媽】【付款後7頻自由左邊交易】火速交易.玩家自賣
468,10億楓幣=100元【1:1000萬】玩家自賣快速~7平自由艾格利其旁~另賣星卷提問
469,11億楓幣=100元【1:1100萬】可直接下標/可開散單-藍玉小舖-
470,9.2億楓幣=100元【1:920萬】??愛米兒??現貨可直接下單??另售商城送禮8.8折~歡迎提問????????
471,8.5億楓幣=100元【1:850萬】《Kay》單在人在免問！高幣值！要搶要快！下標先看內容、來源正當
472,6億楓幣=100元【1:600萬】美爹小額賣幣3平自由交易免問直接下單
473,8億楓幣=100元【1:800萬】??玩家自賣??自由市場５頻財神左方??艾麗亞??
474,10億楓幣=100元【1:1000萬】??玩家自賣??自由市場５頻財神左方??普力特??
475,10.5億楓幣=100元【1:1050萬】??玩家自賣??自由市場５頻財神左方??琉德??
476,11億楓幣=100元【1:1100萬】??玩家自賣??自由市場５頻財神左方??優伊娜??
477,8億楓幣=100元【1:800萬】??玩家自賣??自由市場５頻財神左方??愛麗西亞??
478,9億楓幣=100元【1:900萬】??玩家自賣??自由市場５頻財神左方??殺人鯨??
479,8.1億楓幣=100元【1:810萬】『鈞鈞』看評價就知道我速度多快　現貨
480,10億楓幣=100元【1:1000萬】??１３頻倉庫??【拓海】??整數直接購買庫存??幫開散單??來源正當可靠??
481,8億楓幣=100元【1:800萬】??臻順??營業中!!!
482,投資者資訊
483,提供VIP會員限定，名品服飾折扣3折起獨享優惠。
484,8591寶物交易
485,591房屋交易
486,591房屋交易
487,100室內設計
488,8891汽車交易
489,8891新車
490,518人力銀行
491,518找人才
492,518外包網
493,小雞上工
494,名品會
495,結婚吧
496,熱門遊戲
497,線上遊戲
498,網頁遊戲
499,手機遊戲
500,點數卡
501,價格從低到高排序
502,幣值從低到高排序
503,銷量從高到低排序
504,信用從高到低排序
505,1億楓幣=100元【1:100萬】8頻自由最右右邊交易~直接下標~庫存=剩餘數量~
506,1億楓幣=100元【1:100萬】12頻自由最右右邊交易~直接下標~庫存=剩餘數量~
507,1億楓幣=100元【1:100萬】8頻自由最右右邊交易~直接下標~庫存=剩餘數量~
508,1億楓幣=100元【1:100萬】18頻自由最右右邊交易~直接下標~庫存=剩餘數量~
509,1億楓幣=100元【1:100萬】4頻自由最右右邊交易~直接下標~庫存=剩餘數量~
510,10.5億楓幣=100元【1:1050萬】【黑媽媽】【付款後7頻自由左邊交易】火速交易.玩家自賣
511,10億楓幣=100元【1:1000萬】玩家自賣快速~7平自由艾格利其旁~另賣星卷提問
512,11億楓幣=100元【1:1100萬】可直接下標/可開散單-藍玉小舖-
513,9.2億楓幣=100元【1:920萬】??愛米兒??現貨可直接下單??另售商城送禮8.8折~歡迎提問????????
514,8.5億楓幣=100元【1:850萬】《Kay》單在人在免問！高幣值！要搶要快！下標先看內容、來源正當
515,6億楓幣=100元【1:600萬】美爹小額賣幣3平自由交易免問直接下單
516,8億楓幣=100元【1:800萬】??玩家自賣??自由市場５頻財神左方??艾麗亞??
517,10億楓幣=100元【1:1000萬】??玩家自賣??自由市場５頻財神左方??普力特??
518,10.5億楓幣=100元【1:1050萬】??玩家自賣??自由市場５頻財神左方??琉德??
519,11億楓幣=100元【1:1100萬】??玩家自賣??自由市場５頻財神左方??優伊娜??
520,8億楓幣=100元【1:800萬】??玩家自賣??自由市場５頻財神左方??愛麗西亞??
521,9億楓幣=100元【1:900萬】??玩家自賣??自由市場５頻財神左方??殺人鯨??
522,8.1億楓幣=100元【1:810萬】『鈞鈞』看評價就知道我速度多快　現貨
523,10億楓幣=100元【1:1000萬】??１３頻倉庫??【拓海】??整數直接購買庫存??幫開散單??來源正當可靠??
524,8億楓幣=100元【1:800萬】??臻順??營業中!!!
525,1億楓幣=100元【1:100萬】橙子專賣~人在可提問~可開非整數~自由市場6頻交易喲~認準保字會員~安全可靠喲
526,投資者資訊
527,提供VIP會員限定，名品服飾折扣3折起獨享優惠。
528,8591寶物交易
529,591房屋交易
530,591房屋交易
531,100室內設計
532,8891汽車交易
533,8891新車
534,518人力銀行
535,518找人才
536,518外包網
537,小雞上工
538,名品會
539,結婚吧
540,熱門遊戲
541,線上遊戲
542,網頁遊戲
543,手機遊戲
544,點數卡
545,價格從低到高排序
546,幣值從低到高排序
547,銷量從高到低排序
548,信用從高到低排序
549,1億楓幣=100元【1:100萬】12頻自由最右右邊交易~直接下標~庫存=剩餘數量~
550,1億楓幣=100元【1:100萬】8頻自由最右右邊交易~直接下標~庫存=剩餘數量~
551,1億楓幣=100元【1:100萬】18頻自由最右右邊交易~直接下標~庫存=剩餘數量~
552,1億楓幣=100元【1:100萬】4頻自由最右右邊交易~直接下標~庫存=剩餘數量~
553,10.5億楓幣=100元【1:1050萬】【黑媽媽】【付款後7頻自由左邊交易】火速交易.玩家自賣
554,10億楓幣=100元【1:1000萬】玩家自賣快速~7平自由艾格利其旁~另賣星卷提問
555,11億楓幣=100元【1:1100萬】可直接下標/可開散單-藍玉小舖-
556,9.2億楓幣=100元【1:920萬】??愛米兒??現貨可直接下單??另售商城送禮8.8折~歡迎提問????????
557,8.5億楓幣=100元【1:850萬】《Kay》單在人在免問！高幣值！要搶要快！下標先看內容、來源正當
558,6億楓幣=100元【1:600萬】美爹小額賣幣3平自由交易免問直接下單
559,8億楓幣=100元【1:800萬】??玩家自賣??自由市場５頻財神左方??艾麗亞??
560,10億楓幣=100元【1:1000萬】??玩家自賣??自由市場５頻財神左方??普力特??
561,10.5億楓幣=100元【1:1050萬】??玩家自賣??自由市場５頻財神左方??琉德??
562,11億楓幣=100元【1:1100萬】??玩家自賣??自由市場５頻財神左方??優伊娜??
563,8億楓幣=100元【1:800萬】??玩家自賣??自由市場５頻財神左方??愛麗西亞??
564,9億楓幣=100元【1:900萬】??玩家自賣??自由市場５頻財神左方??殺人鯨??
565,8.1億楓幣=100元【1:810萬】『鈞鈞』看評價就知道我速度多快　現貨
566,10億楓幣=100元【1:1000萬】??１３頻倉庫??【拓海】??整數直接購買庫存??幫開散單??來源正當可靠??
567,8億楓幣=100元【1:800萬】??臻順??營業中!!!
568,1億楓幣=100元【1:100萬】橙子專賣~人在可提問~可開非整數~自由市場6頻交易喲~認準保字會員~安全可靠喲
569,1億楓幣=100元【1:100萬】橙子專賣~人在可提問~可開非整數~自由市場6頻交易喲~認準保字會員~安全可靠喲
570,投資者資訊
571,提供VIP會員限定，名品服飾折扣3折起獨享優惠。
572,8591寶物交易
573,591房屋交易
574,591房屋交易
575,100室內設計
576,8891汽車交易
577,8891新車
578,518人力銀行
579,518找人才
580,518外包網
581,小雞上工
582,名品會
583,結婚吧
584,熱門遊戲
585,線上遊戲
586,網頁遊戲
587,手機遊戲
588,點數卡
589,價格從低到高排序
590,幣值從低到高排序
591,銷量從高到低排序
592,信用從高到低排序
593,1億楓幣=100元【1:100萬】8頻自由最右右邊交易~直接下標~庫存=剩餘數量~
594,1億楓幣=100元【1:100萬】18頻自由最右右邊交易~直接下標~庫存=剩餘數量~
595,1億楓幣=100元【1:100萬】4頻自由最右右邊交易~直接下標~庫存=剩餘數量~
596,10.5億楓幣=100元【1:1050萬】【黑媽媽】【付款後7頻自由左邊交易】火速交易.玩家自賣
597,10億楓幣=100元【1:1000萬】玩家自賣快速~7平自由艾格利其旁~另賣星卷提問
598,11億楓幣=100元【1:1100萬】可直接下標/可開散單-藍玉小舖-
599,9.2億楓幣=100元【1:920萬】??愛米兒??現貨可直接下單??另售商城送禮8.8折~歡迎提問????????
600,8.5億楓幣=100元【1:850萬】《Kay》單在人在免問！高幣值！要搶要快！下標先看內容、來源正當
601,6億楓幣=100元【1:600萬】美爹小額賣幣3平自由交易免問直接下單
602,8億楓幣=100元【1:800萬】??玩家自賣??自由市場５頻財神左方??艾麗亞??
603,10億楓幣=100元【1:1000萬】??玩家自賣??自由市場５頻財神左方??普力特??
604,10.5億楓幣=100元【1:1050萬】??玩家自賣??自由市場５頻財神左方??琉德??
605,11億楓幣=100元【1:1100萬】??玩家自賣??自由市場５頻財神左方??優伊娜??
606,8億楓幣=100元【1:800萬】??玩家自賣??自由市場５頻財神左方??愛麗西亞??
607,9億楓幣=100元【1:900萬】??玩家自賣??自由市場５頻財神左方??殺人鯨??
608,8.1億楓幣=100元【1:810萬】『鈞鈞』看評價就知道我速度多快　現貨
609,10億楓幣=100元【1:1000萬】??１３頻倉庫??【拓海】??整數直接購買庫存??幫開散單??來源正當可靠??
610,8億楓幣=100元【1:800萬】??臻順??營業中!!!
611,1億楓幣=100元【1:100萬】橙子專賣~人在可提問~可開非整數~自由市場6頻交易喲~認準保字會員~安全可靠喲
612,1億楓幣=100元【1:100萬】橙子專賣~人在可提問~可開非整數~自由市場6頻交易喲~認準保字會員~安全可靠喲
613,1億楓幣=100元【1:100萬】橙子專賣~人在可提問~可開非整數~自由市場6頻交易喲~認準保字會員~安全可靠喲
614,投資者資訊
615,提供VIP會員限定，名品服飾折扣3折起獨享優惠。
616,8591寶物交易
617,591房屋交易
618,591房屋交易
619,100室內設計
620,8891汽車交易
621,8891新車
622,518人力銀行
623,518找人才
624,518外包網
625,小雞上工
626,名品會
627,結婚吧
628,熱門遊戲
629,線上遊戲
630,網頁遊戲
631,手機遊戲
632,點數卡
633,價格從低到高排序
634,幣值從低到高排序
635,銷量從高到低排序
636,信用從高到低排序
637,1億楓幣=100元【1:100萬】18頻自由最右右邊交易~直接下標~庫存=剩餘數量~
638,1億楓幣=100元【1:100萬】4頻自由最右右邊交易~直接下標~庫存=剩餘數量~
639,10.5億楓幣=100元【1:1050萬】【黑媽媽】【付款後7頻自由左邊交易】火速交易.玩家自賣
640,10億楓幣=100元【1:1000萬】玩家自賣快速~7平自由艾格利其旁~另賣星卷提問
641,11億楓幣=100元【1:1100萬】可直接下標/可開散單-藍玉小舖-
642,9.2億楓幣=100元【1:920萬】??愛米兒??現貨可直接下單??另售商城送禮8.8折~歡迎提問????????
643,8.5億楓幣=100元【1:850萬】《Kay》單在人在免問！高幣值！要搶要快！下標先看內容、來源正當
644,6億楓幣=100元【1:600萬】美爹小額賣幣3平自由交易免問直接下單
645,8億楓幣=100元【1:800萬】??玩家自賣??自由市場５頻財神左方??艾麗亞??
646,10億楓幣=100元【1:1000萬】??玩家自賣??自由市場５頻財神左方??普力特??
647,10.5億楓幣=100元【1:1050萬】??玩家自賣??自由市場５頻財神左方??琉德??
648,11億楓幣=100元【1:1100萬】??玩家自賣??自由市場５頻財神左方??優伊娜??
649,8億楓幣=100元【1:800萬】??玩家自賣??自由市場５頻財神左方??愛麗西亞??
650,9億楓幣=100元【1:900萬】??玩家自賣??自由市場５頻財神左方??殺人鯨??
651,8.1億楓幣=100元【1:810萬】『鈞鈞』看評價就知道我速度多快　現貨
652,10億楓幣=100元【1:1000萬】??１３頻倉庫??【拓海】??整數直接購買庫存??幫開散單??來源正當可靠??
653,8億楓幣=100元【1:800萬】??臻順??營業中!!!
654,1億楓幣=100元【1:100萬】橙子專賣~人在可提問~可開非整數~自由市場6頻交易喲~認準保字會員~安全可靠喲
655,1億楓幣=100元【1:100萬】橙子專賣~人在可提問~可開非整數~自由市場6頻交易喲~認準保字會員~安全可靠喲
656,1億楓幣=100元【1:100萬】橙子專賣~人在可提問~可開非整數~自由市場6頻交易喲~認準保字會員~安全可靠喲
657,1億楓幣=100元【1:100萬】橙子專賣~人在可提問~可開非整數~自由市場6頻交易喲~認準保字會員~安全可靠喲
658,投資者資訊
659,提供VIP會員限定，名品服飾折扣3折起獨享優惠。
660,8591寶物交易
661,591房屋交易
662,591房屋交易
663,100室內設計
664,8891汽車交易
665,8891新車
666,518人力銀行
667,518找人才
668,518外包網
669,小雞上工
670,名品會
671,結婚吧
672,熱門遊戲
673,線上遊戲
674,網頁遊戲
675,手機遊戲
676,點數卡
677,價格從低到高排序
678,幣值從低到高排序
679,銷量從高到低排序
680,信用從高到低排序
681,1億楓幣=100元【1:100萬】4頻自由最右右邊交易~直接下標~庫存=剩餘數量~
682,10.5億楓幣=100元【1:1050萬】【黑媽媽】【付款後7頻自由左邊交易】火速交易.玩家自賣
683,10億楓幣=100元【1:1000萬】玩家自賣快速~7平自由艾格利其旁~另賣星卷提問
684,11億楓幣=100元【1:1100萬】可直接下標/可開散單-藍玉小舖-
685,9.2億楓幣=100元【1:920萬】??愛米兒??現貨可直接下單??另售商城送禮8.8折~歡迎提問????????
686,8.5億楓幣=100元【1:850萬】《Kay》單在人在免問！高幣值！要搶要快！下標先看內容、來源正當
687,6億楓幣=100元【1:600萬】美爹小額賣幣3平自由交易免問直接下單
688,8億楓幣=100元【1:800萬】??玩家自賣??自由市場５頻財神左方??艾麗亞??
689,10億楓幣=100元【1:1000萬】??玩家自賣??自由市場５頻財神左方??普力特??
690,10.5億楓幣=100元【1:1050萬】??玩家自賣??自由市場５頻財神左方??琉德??
691,11億楓幣=100元【1:1100萬】??玩家自賣??自由市場５頻財神左方??優伊娜??
692,8億楓幣=100元【1:800萬】??玩家自賣??自由市場５頻財神左方??愛麗西亞??
693,9億楓幣=100元【1:900萬】??玩家自賣??自由市場５頻財神左方??殺人鯨??
694,8.1億楓幣=100元【1:810萬】『鈞鈞』看評價就知道我速度多快　現貨
695,10億楓幣=100元【1:1000萬】??１３頻倉庫??【拓海】??整數直接購買庫存??幫開散單??來源正當可靠??
696,8億楓幣=100元【1:800萬】??臻順??營業中!!!
697,1億楓幣=100元【1:100萬】橙子專賣~人在可提問~可開非整數~自由市場6頻交易喲~認準保字會員~安全可靠喲
698,1億楓幣=100元【1:100萬】橙子專賣~人在可提問~可開非整數~自由市場6頻交易喲~認準保字會員~安全可靠喲
699,1億楓幣=100元【1:100萬】橙子專賣~人在可提問~可開非整數~自由市場6頻交易喲~認準保字會員~安全可靠喲
700,1億楓幣=100元【1:100萬】橙子專賣~人在可提問~可開非整數~自由市場6頻交易喲~認準保字會員~安全可靠喲
701,1億楓幣=100元【1:100萬】橙子專賣~人在可提問~可開非整數~自由市場6頻交易喲~認準保字會員~安全可靠喲
702,投資者資訊
703,提供VIP會員限定，名品服飾折扣3折起獨享優惠。
704,8591寶物交易
705,591房屋交易
706,591房屋交易
707,100室內設計
708,8891汽車交易
709,8891新車
710,518人力銀行
711,518找人才
712,518外包網
713,小雞上工
714,名品會
715,結婚吧
716,熱門遊戲
717,線上遊戲
718,網頁遊戲
719,手機遊戲
720,點數卡
721,價格從低到高排序
722,幣值從低到高排序
723,銷量從高到低排序
724,信用從高到低排序
725,10.5億楓幣=100元【1:1050萬】【黑媽媽】【付款後7頻自由左邊交易】火速交易.玩家自賣
726,10億楓幣=100元【1:1000萬】玩家自賣快速~7平自由艾格利其旁~另賣星卷提問
727,11億楓幣=100元【1:1100萬】可直接下標/可開散單-藍玉小舖-
728,9.2億楓幣=100元【1:920萬】??愛米兒??現貨可直接下單??另售商城送禮8.8折~歡迎提問????????
729,8.5億楓幣=100元【1:850萬】《Kay》單在人在免問！高幣值！要搶要快！下標先看內容、來源正當
730,6億楓幣=100元【1:600萬】美爹小額賣幣3平自由交易免問直接下單
731,8億楓幣=100元【1:800萬】??玩家自賣??自由市場５頻財神左方??艾麗亞??
732,10億楓幣=100元【1:1000萬】??玩家自賣??自由市場５頻財神左方??普力特??
733,10.5億楓幣=100元【1:1050萬】??玩家自賣??自由市場５頻財神左方??琉德??
734,11億楓幣=100元【1:1100萬】??玩家自賣??自由市場５頻財神左方??優伊娜??
735,8億楓幣=100元【1:800萬】??玩家自賣??自由市場５頻財神左方??愛麗西亞??
736,9億楓幣=100元【1:900萬】??玩家自賣??自由市場５頻財神左方??殺人鯨??
737,8.1億楓幣=100元【1:810萬】『鈞鈞』看評價就知道我速度多快　現貨
738,10億楓幣=100元【1:1000萬】??１３頻倉庫??【拓海】??整數直接購買庫存??幫開散單??來源正當可靠??
739,8億楓幣=100元【1:800萬】??臻順??營業中!!!
740,1億楓幣=100元【1:100萬】橙子專賣~人在可提問~可開非整數~自由市場6頻交易喲~認準保字會員~安全可靠喲
741,1億楓幣=100元【1:100萬】橙子專賣~人在可提問~可開非整數~自由市場6頻交易喲~認準保字會員~安全可靠喲
742,1億楓幣=100元【1:100萬】橙子專賣~人在可提問~可開非整數~自由市場6頻交易喲~認準保字會員~安全可靠喲
743,1億楓幣=100元【1:100萬】橙子專賣~人在可提問~可開非整數~自由市場6頻交易喲~認準保字會員~安全可靠喲
744,1億楓幣=100元【1:100萬】橙子專賣~人在可提問~可開非整數~自由市場6頻交易喲~認準保字會員~安全可靠喲
745,8億楓幣=100元【1:800萬】★有夠讚賣楓幣★人在
746,投資者資訊
747,提供VIP會員限定，名品服飾折扣3折起獨享優惠。
748,8591寶物交易
749,591房屋交易
750,591房屋交易
751,100室內設計
752,8891汽車交易
753,8891新車
754,518人力銀行
755,518找人才
756,518外包網
757,小雞上工
758,名品會
759,結婚吧
760,熱門遊戲
761,線上遊戲
762,網頁遊戲
763,手機遊戲
764,點數卡
765,價格從低到高排序
766,幣值從低到高排序
767,銷量從高到低排序
768,信用從高到低排序
769,10億楓幣=100元【1:1000萬】玩家自賣快速~7平自由艾格利其旁~另賣星卷提問
770,11億楓幣=100元【1:1100萬】可直接下標/可開散單-藍玉小舖-
771,9.2億楓幣=100元【1:920萬】??愛米兒??現貨可直接下單??另售商城送禮8.8折~歡迎提問????????
772,8.5億楓幣=100元【1:850萬】《Kay》單在人在免問！高幣值！要搶要快！下標先看內容、來源正當
773,6億楓幣=100元【1:600萬】美爹小額賣幣3平自由交易免問直接下單
774,8億楓幣=100元【1:800萬】??玩家自賣??自由市場５頻財神左方??艾麗亞??
775,10億楓幣=100元【1:1000萬】??玩家自賣??自由市場５頻財神左方??普力特??
776,10.5億楓幣=100元【1:1050萬】??玩家自賣??自由市場５頻財神左方??琉德??
777,11億楓幣=100元【1:1100萬】??玩家自賣??自由市場５頻財神左方??優伊娜??
778,8億楓幣=100元【1:800萬】??玩家自賣??自由市場５頻財神左方??愛麗西亞??
779,9億楓幣=100元【1:900萬】??玩家自賣??自由市場５頻財神左方??殺人鯨??
780,8.1億楓幣=100元【1:810萬】『鈞鈞』看評價就知道我速度多快　現貨
781,10億楓幣=100元【1:1000萬】??１３頻倉庫??【拓海】??整數直接購買庫存??幫開散單??來源正當可靠??
782,8億楓幣=100元【1:800萬】??臻順??營業中!!!
783,1億楓幣=100元【1:100萬】橙子專賣~人在可提問~可開非整數~自由市場6頻交易喲~認準保字會員~安全可靠喲
784,1億楓幣=100元【1:100萬】橙子專賣~人在可提問~可開非整數~自由市場6頻交易喲~認準保字會員~安全可靠喲
785,1億楓幣=100元【1:100萬】橙子專賣~人在可提問~可開非整數~自由市場6頻交易喲~認準保字會員~安全可靠喲
786,1億楓幣=100元【1:100萬】橙子專賣~人在可提問~可開非整數~自由市場6頻交易喲~認準保字會員~安全可靠喲
787,1億楓幣=100元【1:100萬】橙子專賣~人在可提問~可開非整數~自由市場6頻交易喲~認準保字會員~安全可靠喲
788,8億楓幣=100元【1:800萬】★有夠讚賣楓幣★人在
789,11億楓幣=100元【1:1100萬】【頎兒付款後自由20交易__賣完就沒了~
790,投資者資訊
791,提供VIP會員限定，名品服飾折扣3折起獨享優惠。
792,8591寶物交易
793,591房屋交易
794,591房屋交易
795,100室內設計
796,8891汽車交易
797,8891新車
798,518人力銀行
799,518找人才
800,518外包網
801,小雞上工
802,名品會
803,結婚吧
804,熱門遊戲
805,線上遊戲
806,網頁遊戲
807,手機遊戲
808,點數卡
809,價格從低到高排序
810,幣值從低到高排序
811,銷量從高到低排序
812,信用從高到低排序
813,11億楓幣=100元【1:1100萬】可直接下標/可開散單-藍玉小舖-
814,9.2億楓幣=100元【1:920萬】??愛米兒??現貨可直接下單??另售商城送禮8.8折~歡迎提問????????
815,8.5億楓幣=100元【1:850萬】《Kay》單在人在免問！高幣值！要搶要快！下標先看內容、來源正當
816,6億楓幣=100元【1:600萬】美爹小額賣幣3平自由交易免問直接下單
817,8億楓幣=100元【1:800萬】??玩家自賣??自由市場５頻財神左方??艾麗亞??
818,10億楓幣=100元【1:1000萬】??玩家自賣??自由市場５頻財神左方??普力特??
819,10.5億楓幣=100元【1:1050萬】??玩家自賣??自由市場５頻財神左方??琉德??
820,11億楓幣=100元【1:1100萬】??玩家自賣??自由市場５頻財神左方??優伊娜??
821,8億楓幣=100元【1:800萬】??玩家自賣??自由市場５頻財神左方??愛麗西亞??
822,9億楓幣=100元【1:900萬】??玩家自賣??自由市場５頻財神左方??殺人鯨??
823,8.1億楓幣=100元【1:810萬】『鈞鈞』看評價就知道我速度多快　現貨
824,10億楓幣=100元【1:1000萬】??１３頻倉庫??【拓海】??整數直接購買庫存??幫開散單??來源正當可靠??
825,8億楓幣=100元【1:800萬】??臻順??營業中!!!
826,1億楓幣=100元【1:100萬】橙子專賣~人在可提問~可開非整數~自由市場6頻交易喲~認準保字會員~安全可靠喲
827,1億楓幣=100元【1:100萬】橙子專賣~人在可提問~可開非整數~自由市場6頻交易喲~認準保字會員~安全可靠喲
828,1億楓幣=100元【1:100萬】橙子專賣~人在可提問~可開非整數~自由市場6頻交易喲~認準保字會員~安全可靠喲
829,1億楓幣=100元【1:100萬】橙子專賣~人在可提問~可開非整數~自由市場6頻交易喲~認準保字會員~安全可靠喲
830,1億楓幣=100元【1:100萬】橙子專賣~人在可提問~可開非整數~自由市場6頻交易喲~認準保字會員~安全可靠喲
831,8億楓幣=100元【1:800萬】★有夠讚賣楓幣★人在
832,11億楓幣=100元【1:1100萬】【頎兒付款後自由20交易__賣完就沒了~
833,28.5億楓幣=300元【1:950萬】★小嫩寶賣幣★評價可看∼快速交易∼來源乾淨∼直接下標∼不需來電∼
834,投資者資訊
835,提供VIP會員限定，名品服飾折扣3折起獨享優惠。
836,8591寶物交易
837,591房屋交易
838,591房屋交易
839,100室內設計
840,8891汽車交易
841,8891新車
842,518人力銀行
843,518找人才
844,518外包網
845,小雞上工
846,名品會
847,結婚吧
848,熱門遊戲
849,線上遊戲
850,網頁遊戲
851,手機遊戲
852,點數卡
853,價格從低到高排序
854,幣值從低到高排序
855,銷量從高到低排序
856,信用從高到低排序
857,9.2億楓幣=100元【1:920萬】??愛米兒??現貨可直接下單??另售商城送禮8.8折~歡迎提問????????
858,8.5億楓幣=100元【1:850萬】《Kay》單在人在免問！高幣值！要搶要快！下標先看內容、來源正當
859,6億楓幣=100元【1:600萬】美爹小額賣幣3平自由交易免問直接下單
860,8億楓幣=100元【1:800萬】??玩家自賣??自由市場５頻財神左方??艾麗亞??
861,10億楓幣=100元【1:1000萬】??玩家自賣??自由市場５頻財神左方??普力特??
862,10.5億楓幣=100元【1:1050萬】??玩家自賣??自由市場５頻財神左方??琉德??
863,11億楓幣=100元【1:1100萬】??玩家自賣??自由市場５頻財神左方??優伊娜??
864,8億楓幣=100元【1:800萬】??玩家自賣??自由市場５頻財神左方??愛麗西亞??
865,9億楓幣=100元【1:900萬】??玩家自賣??自由市場５頻財神左方??殺人鯨??
866,8.1億楓幣=100元【1:810萬】『鈞鈞』看評價就知道我速度多快　現貨
867,10億楓幣=100元【1:1000萬】??１３頻倉庫??【拓海】??整數直接購買庫存??幫開散單??來源正當可靠??
868,8億楓幣=100元【1:800萬】??臻順??營業中!!!
869,1億楓幣=100元【1:100萬】橙子專賣~人在可提問~可開非整數~自由市場6頻交易喲~認準保字會員~安全可靠喲
870,1億楓幣=100元【1:100萬】橙子專賣~人在可提問~可開非整數~自由市場6頻交易喲~認準保字會員~安全可靠喲
871,1億楓幣=100元【1:100萬】橙子專賣~人在可提問~可開非整數~自由市場6頻交易喲~認準保字會員~安全可靠喲
872,1億楓幣=100元【1:100萬】橙子專賣~人在可提問~可開非整數~自由市場6頻交易喲~認準保字會員~安全可靠喲
873,1億楓幣=100元【1:100萬】橙子專賣~人在可提問~可開非整數~自由市場6頻交易喲~認準保字會員~安全可靠喲
874,8億楓幣=100元【1:800萬】★有夠讚賣楓幣★人在
875,11億楓幣=100元【1:1100萬】【頎兒付款後自由20交易__賣完就沒了~
876,28.5億楓幣=300元【1:950萬】★小嫩寶賣幣★評價可看∼快速交易∼來源乾淨∼直接下標∼不需來電∼
877,11.5億楓幣=100元【1:1150萬】「深夜福利」?自由市場7頻?馬上交易??平均交易3分鐘?「人在」3/18更新
878,投資者資訊
879,提供VIP會員限定，名品服飾折扣3折起獨享優惠。
880,8591寶物交易
881,591房屋交易
882,591房屋交易
883,100室內設計
884,8891汽車交易
885,8891新車
886,518人力銀行
887,518找人才
888,518外包網
889,小雞上工
890,名品會
891,結婚吧
892,熱門遊戲
893,線上遊戲
894,網頁遊戲
895,手機遊戲
896,點數卡
897,價格從低到高排序
898,幣值從低到高排序
899,銷量從高到低排序
900,信用從高到低排序
901,8.5億楓幣=100元【1:850萬】《Kay》單在人在免問！高幣值！要搶要快！下標先看內容、來源正當
902,6億楓幣=100元【1:600萬】美爹小額賣幣3平自由交易免問直接下單
903,8億楓幣=100元【1:800萬】??玩家自賣??自由市場５頻財神左方??艾麗亞??
904,10億楓幣=100元【1:1000萬】??玩家自賣??自由市場５頻財神左方??普力特??
905,10.5億楓幣=100元【1:1050萬】??玩家自賣??自由市場５頻財神左方??琉德??
906,11億楓幣=100元【1:1100萬】??玩家自賣??自由市場５頻財神左方??優伊娜??
907,8億楓幣=100元【1:800萬】??玩家自賣??自由市場５頻財神左方??愛麗西亞??
908,9億楓幣=100元【1:900萬】??玩家自賣??自由市場５頻財神左方??殺人鯨??
909,8.1億楓幣=100元【1:810萬】『鈞鈞』看評價就知道我速度多快　現貨
910,10億楓幣=100元【1:1000萬】??１３頻倉庫??【拓海】??整數直接購買庫存??幫開散單??來源正當可靠??
911,8億楓幣=100元【1:800萬】??臻順??營業中!!!
912,1億楓幣=100元【1:100萬】橙子專賣~人在可提問~可開非整數~自由市場6頻交易喲~認準保字會員~安全可靠喲
913,1億楓幣=100元【1:100萬】橙子專賣~人在可提問~可開非整數~自由市場6頻交易喲~認準保字會員~安全可靠喲
914,1億楓幣=100元【1:100萬】橙子專賣~人在可提問~可開非整數~自由市場6頻交易喲~認準保字會員~安全可靠喲
915,1億楓幣=100元【1:100萬】橙子專賣~人在可提問~可開非整數~自由市場6頻交易喲~認準保字會員~安全可靠喲
916,1億楓幣=100元【1:100萬】橙子專賣~人在可提問~可開非整數~自由市場6頻交易喲~認準保字會員~安全可靠喲
917,8億楓幣=100元【1:800萬】★有夠讚賣楓幣★人在
918,11億楓幣=100元【1:1100萬】【頎兒付款後自由20交易__賣完就沒了~
919,28.5億楓幣=300元【1:950萬】★小嫩寶賣幣★評價可看∼快速交易∼來源乾淨∼直接下標∼不需來電∼
920,11.5億楓幣=100元【1:1150萬】「深夜福利」?自由市場7頻?馬上交易??平均交易3分鐘?「人在」3/18更新
921,"1億楓幣=100000元【1:0.1萬】『哆啦楓幣』『人在現貨』直接下標即可,20頻自由倉庫財神旁交易~~~"
922,投資者資訊
923,提供VIP會員限定，名品服飾折扣3折起獨享優惠。
924,8591寶物交易
925,591房屋交易
926,591房屋交易
927,100室內設計
928,8891汽車交易
929,8891新車
930,518人力銀行
931,518找人才
932,518外包網
933,小雞上工
934,名品會
935,結婚吧
936,熱門遊戲
937,線上遊戲
938,網頁遊戲
939,手機遊戲
940,點數卡
941,價格從低到高排序
942,幣值從低到高排序
943,銷量從高到低排序
944,信用從高到低排序
945,6億楓幣=100元【1:600萬】美爹小額賣幣3平自由交易免問直接下單
946,8億楓幣=100元【1:800萬】??玩家自賣??自由市場５頻財神左方??艾麗亞??
947,10億楓幣=100元【1:1000萬】??玩家自賣??自由市場５頻財神左方??普力特??
948,10.5億楓幣=100元【1:1050萬】??玩家自賣??自由市場５頻財神左方??琉德??
949,11億楓幣=100元【1:1100萬】??玩家自賣??自由市場５頻財神左方??優伊娜??
950,8億楓幣=100元【1:800萬】??玩家自賣??自由市場５頻財神左方??愛麗西亞??
951,9億楓幣=100元【1:900萬】??玩家自賣??自由市場５頻財神左方??殺人鯨??
952,8.1億楓幣=100元【1:810萬】『鈞鈞』看評價就知道我速度多快　現貨
953,10億楓幣=100元【1:1000萬】??１３頻倉庫??【拓海】??整數直接購買庫存??幫開散單??來源正當可靠??
954,8億楓幣=100元【1:800萬】??臻順??營業中!!!
955,1億楓幣=100元【1:100萬】橙子專賣~人在可提問~可開非整數~自由市場6頻交易喲~認準保字會員~安全可靠喲
956,1億楓幣=100元【1:100萬】橙子專賣~人在可提問~可開非整數~自由市場6頻交易喲~認準保字會員~安全可靠喲
957,1億楓幣=100元【1:100萬】橙子專賣~人在可提問~可開非整數~自由市場6頻交易喲~認準保字會員~安全可靠喲
958,1億楓幣=100元【1:100萬】橙子專賣~人在可提問~可開非整數~自由市場6頻交易喲~認準保字會員~安全可靠喲
959,1億楓幣=100元【1:100萬】橙子專賣~人在可提問~可開非整數~自由市場6頻交易喲~認準保字會員~安全可靠喲
960,8億楓幣=100元【1:800萬】★有夠讚賣楓幣★人在
961,11億楓幣=100元【1:1100萬】【頎兒付款後自由20交易__賣完就沒了~
962,28.5億楓幣=300元【1:950萬】★小嫩寶賣幣★評價可看∼快速交易∼來源乾淨∼直接下標∼不需來電∼
963,11.5億楓幣=100元【1:1150萬】「深夜福利」?自由市場7頻?馬上交易??平均交易3分鐘?「人在」3/18更新
964,"1億楓幣=100000元【1:0.1萬】『哆啦楓幣』『人在現貨』直接下標即可,20頻自由倉庫財神旁交易~~~"
965,"1億楓幣=100000元【1:0.1萬】『哆啦楓幣』『人在現貨』直接下標即可,20頻自由倉庫財神旁交易~~~"
966,投資者資訊
967,提供VIP會員限定，名品服飾折扣3折起獨享優惠。
968,8591寶物交易
969,591房屋交易
970,591房屋交易
971,100室內設計
972,8891汽車交易
973,8891新車
974,518人力銀行
975,518找人才
976,518外包網
977,小雞上工
978,名品會
979,結婚吧
980,熱門遊戲
981,線上遊戲
982,網頁遊戲
983,手機遊戲
984,點數卡
985,價格從低到高排序
986,幣值從低到高排序
987,銷量從高到低排序
988,信用從高到低排序
989,8億楓幣=100元【1:800萬】??玩家自賣??自由市場５頻財神左方??艾麗亞??
990,10億楓幣=100元【1:1000萬】??玩家自賣??自由市場５頻財神左方??普力特??
991,10.5億楓幣=100元【1:1050萬】??玩家自賣??自由市場５頻財神左方??琉德??
992,11億楓幣=100元【1:1100萬】??玩家自賣??自由市場５頻財神左方??優伊娜??
993,8億楓幣=100元【1:800萬】??玩家自賣??自由市場５頻財神左方??愛麗西亞??
994,9億楓幣=100元【1:900萬】??玩家自賣??自由市場５頻財神左方??殺人鯨??
995,8.1億楓幣=100元【1:810萬】『鈞鈞』看評價就知道我速度多快　現貨
996,10億楓幣=100元【1:1000萬】??１３頻倉庫??【拓海】??整數直接購買庫存??幫開散單??來源正當可靠??
997,8億楓幣=100元【1:800萬】??臻順??營業中!!!
998,1億楓幣=100元【1:100萬】橙子專賣~人在可提問~可開非整數~自由市場6頻交易喲~認準保字會員~安全可靠喲
999,1億楓幣=100元【1:100萬】橙子專賣~人在可提問~可開非整數~自由市場6頻交易喲~認準保字會員~安全可靠喲
1000,1億楓幣=100元【1:100萬】橙子專賣~人在可提問~可開非整數~自由市場6頻交易喲~認準保字會員~安全可靠喲
1001,1億楓幣=100元【1:100萬】橙子專賣~人在可提問~可開非整數~自由市場6頻交易喲~認準保字會員~安全可靠喲
1002,1億楓幣=100元【1:100萬】橙子專賣~人在可提問~可開非整數~自由市場6頻交易喲~認準保字會員~安全可靠喲
1003,8億楓幣=100元【1:800萬】★有夠讚賣楓幣★人在
1004,11億楓幣=100元【1:1100萬】【頎兒付款後自由20交易__賣完就沒了~
1005,28.5億楓幣=300元【1:950萬】★小嫩寶賣幣★評價可看∼快速交易∼來源乾淨∼直接下標∼不需來電∼
1006,11.5億楓幣=100元【1:1150萬】「深夜福利」?自由市場7頻?馬上交易??平均交易3分鐘?「人在」3/18更新
1007,"1億楓幣=100000元【1:0.1萬】『哆啦楓幣』『人在現貨』直接下標即可,20頻自由倉庫財神旁交易~~~"
1008,"1億楓幣=100000元【1:0.1萬】『哆啦楓幣』『人在現貨』直接下標即可,20頻自由倉庫財神旁交易~~~"
1009,"1億楓幣=100000元【1:0.1萬】『哆啦楓幣』『人在現貨』直接下標即可,20頻自由倉庫財神旁交易~~~"
1010,投資者資訊
1011,提供VIP會員限定，名品服飾折扣3折起獨享優惠。
1012,8591寶物交易
1013,591房屋交易
1014,591房屋交易
1015,100室內設計
1016,8891汽車交易
1017,8891新車
1018,518人力銀行
1019,518找人才
1020,518外包網
1021,小雞上工
1022,名品會
1023,結婚吧
1024,熱門遊戲
1025,線上遊戲
1026,網頁遊戲
1027,手機遊戲
1028,點數卡
1029,價格從低到高排序
1030,幣值從低到高排序
1031,銷量從高到低排序
1032,信用從高到低排序
1033,10億楓幣=100元【1:1000萬】??玩家自賣??自由市場５頻財神左方??普力特??
1034,10.5億楓幣=100元【1:1050萬】??玩家自賣??自由市場５頻財神左方??琉德??
1035,11億楓幣=100元【1:1100萬】??玩家自賣??自由市場５頻財神左方??優伊娜??
1036,8億楓幣=100元【1:800萬】??玩家自賣??自由市場５頻財神左方??愛麗西亞??
1037,9億楓幣=100元【1:900萬】??玩家自賣??自由市場５頻財神左方??殺人鯨??
1038,8.1億楓幣=100元【1:810萬】『鈞鈞』看評價就知道我速度多快　現貨
1039,10億楓幣=100元【1:1000萬】??１３頻倉庫??【拓海】??整數直接購買庫存??幫開散單??來源正當可靠??
1040,8億楓幣=100元【1:800萬】??臻順??營業中!!!
1041,1億楓幣=100元【1:100萬】橙子專賣~人在可提問~可開非整數~自由市場6頻交易喲~認準保字會員~安全可靠喲
1042,1億楓幣=100元【1:100萬】橙子專賣~人在可提問~可開非整數~自由市場6頻交易喲~認準保字會員~安全可靠喲
1043,1億楓幣=100元【1:100萬】橙子專賣~人在可提問~可開非整數~自由市場6頻交易喲~認準保字會員~安全可靠喲
1044,1億楓幣=100元【1:100萬】橙子專賣~人在可提問~可開非整數~自由市場6頻交易喲~認準保字會員~安全可靠喲
1045,1億楓幣=100元【1:100萬】橙子專賣~人在可提問~可開非整數~自由市場6頻交易喲~認準保字會員~安全可靠喲
1046,8億楓幣=100元【1:800萬】★有夠讚賣楓幣★人在
1047,11億楓幣=100元【1:1100萬】【頎兒付款後自由20交易__賣完就沒了~
1048,28.5億楓幣=300元【1:950萬】★小嫩寶賣幣★評價可看∼快速交易∼來源乾淨∼直接下標∼不需來電∼
1049,11.5億楓幣=100元【1:1150萬】「深夜福利」?自由市場7頻?馬上交易??平均交易3分鐘?「人在」3/18更新
1050,"1億楓幣=100000元【1:0.1萬】『哆啦楓幣』『人在現貨』直接下標即可,20頻自由倉庫財神旁交易~~~"
1051,"1億楓幣=100000元【1:0.1萬】『哆啦楓幣』『人在現貨』直接下標即可,20頻自由倉庫財神旁交易~~~"
1052,"1億楓幣=100000元【1:0.1萬】『哆啦楓幣』『人在現貨』直接下標即可,20頻自由倉庫財神旁交易~~~"
1053,"1億楓幣=100000元【1:0.1萬】『哆啦楓幣』『人在現貨』直接下標即可,20頻自由倉庫財神旁交易~~~"
1054,投資者資訊
1055,提供VIP會員限定，名品服飾折扣3折起獨享優惠。
1056,8591寶物交易
1057,591房屋交易
1058,591房屋交易
1059,100室內設計
1060,8891汽車交易
1061,8891新車
1062,518人力銀行
1063,518找人才
1064,518外包網
1065,小雞上工
1066,名品會
1067,結婚吧
1068,熱門遊戲
1069,線上遊戲
1070,網頁遊戲
1071,手機遊戲
1072,點數卡
1073,價格從低到高排序
1074,幣值從低到高排序
1075,銷量從高到低排序
1076,信用從高到低排序
1077,10.5億楓幣=100元【1:1050萬】??玩家自賣??自由市場５頻財神左方??琉德??
1078,11億楓幣=100元【1:1100萬】??玩家自賣??自由市場５頻財神左方??優伊娜??
1079,8億楓幣=100元【1:800萬】??玩家自賣??自由市場５頻財神左方??愛麗西亞??
1080,9億楓幣=100元【1:900萬】??玩家自賣??自由市場５頻財神左方??殺人鯨??
1081,8.1億楓幣=100元【1:810萬】『鈞鈞』看評價就知道我速度多快　現貨
1082,10億楓幣=100元【1:1000萬】??１３頻倉庫??【拓海】??整數直接購買庫存??幫開散單??來源正當可靠??
1083,8億楓幣=100元【1:800萬】??臻順??營業中!!!
1084,1億楓幣=100元【1:100萬】橙子專賣~人在可提問~可開非整數~自由市場6頻交易喲~認準保字會員~安全可靠喲
1085,1億楓幣=100元【1:100萬】橙子專賣~人在可提問~可開非整數~自由市場6頻交易喲~認準保字會員~安全可靠喲
1086,1億楓幣=100元【1:100萬】橙子專賣~人在可提問~可開非整數~自由市場6頻交易喲~認準保字會員~安全可靠喲
1087,1億楓幣=100元【1:100萬】橙子專賣~人在可提問~可開非整數~自由市場6頻交易喲~認準保字會員~安全可靠喲
1088,1億楓幣=100元【1:100萬】橙子專賣~人在可提問~可開非整數~自由市場6頻交易喲~認準保字會員~安全可靠喲
1089,8億楓幣=100元【1:800萬】★有夠讚賣楓幣★人在
1090,11億楓幣=100元【1:1100萬】【頎兒付款後自由20交易__賣完就沒了~
1091,28.5億楓幣=300元【1:950萬】★小嫩寶賣幣★評價可看∼快速交易∼來源乾淨∼直接下標∼不需來電∼
1092,11.5億楓幣=100元【1:1150萬】「深夜福利」?自由市場7頻?馬上交易??平均交易3分鐘?「人在」3/18更新
1093,"1億楓幣=100000元【1:0.1萬】『哆啦楓幣』『人在現貨』直接下標即可,20頻自由倉庫財神旁交易~~~"
1094,"1億楓幣=100000元【1:0.1萬】『哆啦楓幣』『人在現貨』直接下標即可,20頻自由倉庫財神旁交易~~~"
1095,"1億楓幣=100000元【1:0.1萬】『哆啦楓幣』『人在現貨』直接下標即可,20頻自由倉庫財神旁交易~~~"
1096,"1億楓幣=100000元【1:0.1萬】『哆啦楓幣』『人在現貨』直接下標即可,20頻自由倉庫財神旁交易~~~"
1097,"1億楓幣=100000元【1:0.1萬】『哆啦楓幣』『人在現貨』直接下標即可,20頻自由倉庫財神旁交易~~~"
1098,投資者資訊
1099,提供VIP會員限定，名品服飾折扣3折起獨享優惠。
1100,8591寶物交易
1101,591房屋交易
1102,591房屋交易
1103,100室內設計
1104,8891汽車交易
1105,8891新車
1106,518人力銀行
1107,518找人才
1108,518外包網
1109,小雞上工
1110,名品會
1111,結婚吧
1112,熱門遊戲
1113,線上遊戲
1114,網頁遊戲
1115,手機遊戲
1116,點數卡
1117,價格從低到高排序
1118,幣值從低到高排序
1119,銷量從高到低排序
1120,信用從高到低排序
1121,11億楓幣=100元【1:1100萬】??玩家自賣??自由市場５頻財神左方??優伊娜??
1122,8億楓幣=100元【1:800萬】??玩家自賣??自由市場５頻財神左方??愛麗西亞??
1123,9億楓幣=100元【1:900萬】??玩家自賣??自由市場５頻財神左方??殺人鯨??
1124,8.1億楓幣=100元【1:810萬】『鈞鈞』看評價就知道我速度多快　現貨
1125,10億楓幣=100元【1:1000萬】??１３頻倉庫??【拓海】??整數直接購買庫存??幫開散單??來源正當可靠??
1126,8億楓幣=100元【1:800萬】??臻順??營業中!!!
1127,1億楓幣=100元【1:100萬】橙子專賣~人在可提問~可開非整數~自由市場6頻交易喲~認準保字會員~安全可靠喲
1128,1億楓幣=100元【1:100萬】橙子專賣~人在可提問~可開非整數~自由市場6頻交易喲~認準保字會員~安全可靠喲
1129,1億楓幣=100元【1:100萬】橙子專賣~人在可提問~可開非整數~自由市場6頻交易喲~認準保字會員~安全可靠喲
1130,1億楓幣=100元【1:100萬】橙子專賣~人在可提問~可開非整數~自由市場6頻交易喲~認準保字會員~安全可靠喲
1131,1億楓幣=100元【1:100萬】橙子專賣~人在可提問~可開非整數~自由市場6頻交易喲~認準保字會員~安全可靠喲
1132,8億楓幣=100元【1:800萬】★有夠讚賣楓幣★人在
1133,11億楓幣=100元【1:1100萬】【頎兒付款後自由20交易__賣完就沒了~
1134,28.5億楓幣=300元【1:950萬】★小嫩寶賣幣★評價可看∼快速交易∼來源乾淨∼直接下標∼不需來電∼
1135,11.5億楓幣=100元【1:1150萬】「深夜福利」?自由市場7頻?馬上交易??平均交易3分鐘?「人在」3/18更新
1136,"1億楓幣=100000元【1:0.1萬】『哆啦楓幣』『人在現貨』直接下標即可,20頻自由倉庫財神旁交易~~~"
1137,"1億楓幣=100000元【1:0.1萬】『哆啦楓幣』『人在現貨』直接下標即可,20頻自由倉庫財神旁交易~~~"
1138,"1億楓幣=100000元【1:0.1萬】『哆啦楓幣』『人在現貨』直接下標即可,20頻自由倉庫財神旁交易~~~"
1139,"1億楓幣=100000元【1:0.1萬】『哆啦楓幣』『人在現貨』直接下標即可,20頻自由倉庫財神旁交易~~~"
1140,"1億楓幣=100000元【1:0.1萬】『哆啦楓幣』『人在現貨』直接下標即可,20頻自由倉庫財神旁交易~~~"
1141,10億楓幣=100元【1:1000萬】????專賣??~快速交易
1142,投資者資訊
1143,提供VIP會員限定，名品服飾折扣3折起獨享優惠。
1144,8591寶物交易
1145,591房屋交易
1146,591房屋交易
1147,100室內設計
1148,8891汽車交易
1149,8891新車
1150,518人力銀行
1151,518找人才
1152,518外包網
1153,小雞上工
1154,名品會
1155,結婚吧
1156,熱門遊戲
1157,線上遊戲
1158,網頁遊戲
1159,手機遊戲
1160,點數卡
1161,價格從低到高排序
1162,幣值從低到高排序
1163,銷量從高到低排序
1164,信用從高到低排序
1165,8億楓幣=100元【1:800萬】??玩家自賣??自由市場５頻財神左方??愛麗西亞??
1166,9億楓幣=100元【1:900萬】??玩家自賣??自由市場５頻財神左方??殺人鯨??
1167,8.1億楓幣=100元【1:810萬】『鈞鈞』看評價就知道我速度多快　現貨
1168,10億楓幣=100元【1:1000萬】??１３頻倉庫??【拓海】??整數直接購買庫存??幫開散單??來源正當可靠??
1169,8億楓幣=100元【1:800萬】??臻順??營業中!!!
1170,1億楓幣=100元【1:100萬】橙子專賣~人在可提問~可開非整數~自由市場6頻交易喲~認準保字會員~安全可靠喲
1171,1億楓幣=100元【1:100萬】橙子專賣~人在可提問~可開非整數~自由市場6頻交易喲~認準保字會員~安全可靠喲
1172,1億楓幣=100元【1:100萬】橙子專賣~人在可提問~可開非整數~自由市場6頻交易喲~認準保字會員~安全可靠喲
1173,1億楓幣=100元【1:100萬】橙子專賣~人在可提問~可開非整數~自由市場6頻交易喲~認準保字會員~安全可靠喲
1174,1億楓幣=100元【1:100萬】橙子專賣~人在可提問~可開非整數~自由市場6頻交易喲~認準保字會員~安全可靠喲
1175,8億楓幣=100元【1:800萬】★有夠讚賣楓幣★人在
1176,11億楓幣=100元【1:1100萬】【頎兒付款後自由20交易__賣完就沒了~
1177,28.5億楓幣=300元【1:950萬】★小嫩寶賣幣★評價可看∼快速交易∼來源乾淨∼直接下標∼不需來電∼
1178,11.5億楓幣=100元【1:1150萬】「深夜福利」?自由市場7頻?馬上交易??平均交易3分鐘?「人在」3/18更新
1179,"1億楓幣=100000元【1:0.1萬】『哆啦楓幣』『人在現貨』直接下標即可,20頻自由倉庫財神旁交易~~~"
1180,"1億楓幣=100000元【1:0.1萬】『哆啦楓幣』『人在現貨』直接下標即可,20頻自由倉庫財神旁交易~~~"
1181,"1億楓幣=100000元【1:0.1萬】『哆啦楓幣』『人在現貨』直接下標即可,20頻自由倉庫財神旁交易~~~"
1182,"1億楓幣=100000元【1:0.1萬】『哆啦楓幣』『人在現貨』直接下標即可,20頻自由倉庫財神旁交易~~~"
1183,"1億楓幣=100000元【1:0.1萬】『哆啦楓幣』『人在現貨』直接下標即可,20頻自由倉庫財神旁交易~~~"
1184,10億楓幣=100元【1:1000萬】????專賣??~快速交易
1185,10億楓幣=100元【1:1000萬】手動玩家自賣數量有限看庫存量下標後5分鐘沒回請來電
1186,投資者資訊
1187,提供VIP會員限定，名品服飾折扣3折起獨享優惠。
1188,8591寶物交易
1189,591房屋交易
1190,591房屋交易
1191,100室內設計
1192,8891汽車交易
1193,8891新車
1194,518人力銀行
1195,518找人才
1196,518外包網
1197,小雞上工
1198,名品會
1199,結婚吧
1200,熱門遊戲
1201,線上遊戲
1202,網頁遊戲
1203,手機遊戲
1204,點數卡
1205,價格從低到高排序
1206,幣值從低到高排序
1207,銷量從高到低排序
1208,信用從高到低排序
1209,9億楓幣=100元【1:900萬】??玩家自賣??自由市場５頻財神左方??殺人鯨??
1210,8.1億楓幣=100元【1:810萬】『鈞鈞』看評價就知道我速度多快　現貨
1211,10億楓幣=100元【1:1000萬】??１３頻倉庫??【拓海】??整數直接購買庫存??幫開散單??來源正當可靠??
1212,8億楓幣=100元【1:800萬】??臻順??營業中!!!
1213,1億楓幣=100元【1:100萬】橙子專賣~人在可提問~可開非整數~自由市場6頻交易喲~認準保字會員~安全可靠喲
1214,1億楓幣=100元【1:100萬】橙子專賣~人在可提問~可開非整數~自由市場6頻交易喲~認準保字會員~安全可靠喲
1215,1億楓幣=100元【1:100萬】橙子專賣~人在可提問~可開非整數~自由市場6頻交易喲~認準保字會員~安全可靠喲
1216,1億楓幣=100元【1:100萬】橙子專賣~人在可提問~可開非整數~自由市場6頻交易喲~認準保字會員~安全可靠喲
1217,1億楓幣=100元【1:100萬】橙子專賣~人在可提問~可開非整數~自由市場6頻交易喲~認準保字會員~安全可靠喲
1218,8億楓幣=100元【1:800萬】★有夠讚賣楓幣★人在
1219,11億楓幣=100元【1:1100萬】【頎兒付款後自由20交易__賣完就沒了~
1220,28.5億楓幣=300元【1:950萬】★小嫩寶賣幣★評價可看∼快速交易∼來源乾淨∼直接下標∼不需來電∼
1221,11.5億楓幣=100元【1:1150萬】「深夜福利」?自由市場7頻?馬上交易??平均交易3分鐘?「人在」3/18更新
1222,"1億楓幣=100000元【1:0.1萬】『哆啦楓幣』『人在現貨』直接下標即可,20頻自由倉庫財神旁交易~~~"
1223,"1億楓幣=100000元【1:0.1萬】『哆啦楓幣』『人在現貨』直接下標即可,20頻自由倉庫財神旁交易~~~"
1224,"1億楓幣=100000元【1:0.1萬】『哆啦楓幣』『人在現貨』直接下標即可,20頻自由倉庫財神旁交易~~~"
1225,"1億楓幣=100000元【1:0.1萬】『哆啦楓幣』『人在現貨』直接下標即可,20頻自由倉庫財神旁交易~~~"
1226,"1億楓幣=100000元【1:0.1萬】『哆啦楓幣』『人在現貨』直接下標即可,20頻自由倉庫財神旁交易~~~"
1227,10億楓幣=100元【1:1000萬】????專賣??~快速交易
1228,10億楓幣=100元【1:1000萬】手動玩家自賣數量有限看庫存量下標後5分鐘沒回請來電
1229,10000萬楓幣=100元【1:100萬】賣幣人都在
1230,投資者資訊
1231,提供VIP會員限定，名品服飾折扣3折起獨享優惠。
1232,8591寶物交易
1233,591房屋交易
1234,591房屋交易
1235,100室內設計
1236,8891汽車交易
1237,8891新車
1238,518人力銀行
1239,518找人才
1240,518外包網
1241,小雞上工
1242,名品會
1243,結婚吧
1244,熱門遊戲
1245,線上遊戲
1246,網頁遊戲
1247,手機遊戲
1248,點數卡
1249,價格從低到高排序
1250,幣值從低到高排序
1251,銷量從高到低排序
1252,信用從高到低排序
1253,8.1億楓幣=100元【1:810萬】『鈞鈞』看評價就知道我速度多快　現貨
1254,10億楓幣=100元【1:1000萬】??１３頻倉庫??【拓海】??整數直接購買庫存??幫開散單??來源正當可靠??
1255,8億楓幣=100元【1:800萬】??臻順??營業中!!!
1256,1億楓幣=100元【1:100萬】橙子專賣~人在可提問~可開非整數~自由市場6頻交易喲~認準保字會員~安全可靠喲
1257,1億楓幣=100元【1:100萬】橙子專賣~人在可提問~可開非整數~自由市場6頻交易喲~認準保字會員~安全可靠喲
1258,1億楓幣=100元【1:100萬】橙子專賣~人在可提問~可開非整數~自由市場6頻交易喲~認準保字會員~安全可靠喲
1259,1億楓幣=100元【1:100萬】橙子專賣~人在可提問~可開非整數~自由市場6頻交易喲~認準保字會員~安全可靠喲
1260,1億楓幣=100元【1:100萬】橙子專賣~人在可提問~可開非整數~自由市場6頻交易喲~認準保字會員~安全可靠喲
1261,8億楓幣=100元【1:800萬】★有夠讚賣楓幣★人在
1262,11億楓幣=100元【1:1100萬】【頎兒付款後自由20交易__賣完就沒了~
1263,28.5億楓幣=300元【1:950萬】★小嫩寶賣幣★評價可看∼快速交易∼來源乾淨∼直接下標∼不需來電∼
1264,11.5億楓幣=100元【1:1150萬】「深夜福利」?自由市場7頻?馬上交易??平均交易3分鐘?「人在」3/18更新
1265,"1億楓幣=100000元【1:0.1萬】『哆啦楓幣』『人在現貨』直接下標即可,20頻自由倉庫財神旁交易~~~"
1266,"1億楓幣=100000元【1:0.1萬】『哆啦楓幣』『人在現貨』直接下標即可,20頻自由倉庫財神旁交易~~~"
1267,"1億楓幣=100000元【1:0.1萬】『哆啦楓幣』『人在現貨』直接下標即可,20頻自由倉庫財神旁交易~~~"
1268,"1億楓幣=100000元【1:0.1萬】『哆啦楓幣』『人在現貨』直接下標即可,20頻自由倉庫財神旁交易~~~"
1269,"1億楓幣=100000元【1:0.1萬】『哆啦楓幣』『人在現貨』直接下標即可,20頻自由倉庫財神旁交易~~~"
1270,10億楓幣=100元【1:1000萬】????專賣??~快速交易
1271,10億楓幣=100元【1:1000萬】手動玩家自賣數量有限看庫存量下標後5分鐘沒回請來電
1272,10000萬楓幣=100元【1:100萬】賣幣人都在
1273,10000萬楓幣=10元【1:1000萬】無拉箭矢服務請自行選擇數量(人在)
1274,投資者資訊
1275,提供VIP會員限定，名品服飾折扣3折起獨享優惠。
1276,8591寶物交易
1277,591房屋交易
1278,591房屋交易
1279,100室內設計
1280,8891汽車交易
1281,8891新車
1282,518人力銀行
1283,518找人才
1284,518外包網
1285,小雞上工
1286,名品會
1287,結婚吧
1288,熱門遊戲
1289,線上遊戲
1290,網頁遊戲
1291,手機遊戲
1292,點數卡
1293,價格從低到高排序
1294,幣值從低到高排序
1295,銷量從高到低排序
1296,信用從高到低排序
1297,10億楓幣=100元【1:1000萬】??１３頻倉庫??【拓海】??整數直接購買庫存??幫開散單??來源正當可靠??
1298,8億楓幣=100元【1:800萬】??臻順??營業中!!!
1299,1億楓幣=100元【1:100萬】橙子專賣~人在可提問~可開非整數~自由市場6頻交易喲~認準保字會員~安全可靠喲
1300,1億楓幣=100元【1:100萬】橙子專賣~人在可提問~可開非整數~自由市場6頻交易喲~認準保字會員~安全可靠喲
1301,1億楓幣=100元【1:100萬】橙子專賣~人在可提問~可開非整數~自由市場6頻交易喲~認準保字會員~安全可靠喲
1302,1億楓幣=100元【1:100萬】橙子專賣~人在可提問~可開非整數~自由市場6頻交易喲~認準保字會員~安全可靠喲
1303,1億楓幣=100元【1:100萬】橙子專賣~人在可提問~可開非整數~自由市場6頻交易喲~認準保字會員~安全可靠喲
1304,8億楓幣=100元【1:800萬】★有夠讚賣楓幣★人在
1305,11億楓幣=100元【1:1100萬】【頎兒付款後自由20交易__賣完就沒了~
1306,28.5億楓幣=300元【1:950萬】★小嫩寶賣幣★評價可看∼快速交易∼來源乾淨∼直接下標∼不需來電∼
1307,11.5億楓幣=100元【1:1150萬】「深夜福利」?自由市場7頻?馬上交易??平均交易3分鐘?「人在」3/18更新
1308,"1億楓幣=100000元【1:0.1萬】『哆啦楓幣』『人在現貨』直接下標即可,20頻自由倉庫財神旁交易~~~"
1309,"1億楓幣=100000元【1:0.1萬】『哆啦楓幣』『人在現貨』直接下標即可,20頻自由倉庫財神旁交易~~~"
1310,"1億楓幣=100000元【1:0.1萬】『哆啦楓幣』『人在現貨』直接下標即可,20頻自由倉庫財神旁交易~~~"
1311,"1億楓幣=100000元【1:0.1萬】『哆啦楓幣』『人在現貨』直接下標即可,20頻自由倉庫財神旁交易~~~"
1312,"1億楓幣=100000元【1:0.1萬】『哆啦楓幣』『人在現貨』直接下標即可,20頻自由倉庫財神旁交易~~~"
1313,10億楓幣=100元【1:1000萬】????專賣??~快速交易
1314,10億楓幣=100元【1:1000萬】手動玩家自賣數量有限看庫存量下標後5分鐘沒回請來電
1315,10000萬楓幣=100元【1:100萬】賣幣人都在
1316,10000萬楓幣=10元【1:1000萬】無拉箭矢服務請自行選擇數量(人在)
1317,9.5億楓幣=100元【1:950萬】??紫月閣??７頻６洞可拉箭矢９９９９ｗ其餘金額提問開單??庫存可直接購買??
1318,投資者資訊
1319,提供VIP會員限定，名品服飾折扣3折起獨享優惠。
,
